run_date,fetched_at,category,sub_category,listing_id,title,address,price_text,price_yen,area_sqm,area_tsubo,unit_price_per_sqm,unit_price_per_tsubo,layout_text,detail_text,detail_url
2026-02-07,2026-02-07T21:47:36,rent,賃貸,https://suumo.jp/chintai/jnc_000104608657/,クレイノディアコート,東京都世田谷区奥沢2,12.2万,122000.0,24.63,7.450575279396572,,,1K,2階 | - 12.2万円 | 1K 24.63m 2,https://suumo.jp/chintai/jnc_000104608657/
2026-02-07,2026-02-07T21:47:36,rent,賃貸,https://suumo.jp/chintai/jnc_000104776885/,ベルデ自由が丘,東京都世田谷区奥沢5,7.3万,73000.0,22.0,6.655000249562509,,,ワンルーム,1階 | 7.3万円 - | ワンルーム 22m 2,https://suumo.jp/chintai/jnc_000104776885/
2026-02-07,2026-02-07T21:47:36,rent,賃貸,https://suumo.jp/chintai/jnc_000104753325/,東急目黒線 奥沢駅 地上2階建 築11年,東京都世田谷区東玉川1,18.5万,185000.0,67.7,20.479250767971905,,,2LDK,1-2階 | - 18.5万円 | 2LDK 67.7m 2,https://suumo.jp/chintai/jnc_000104753325/
2026-02-07,2026-02-07T21:47:36,rent,賃貸,https://suumo.jp/chintai/jnc_000099934175/,Fullea奥沢,東京都世田谷区奥沢3,20.5万,205000.0,31.6,9.559000358462514,,,1LDK,3階 | 20.5万円 - | 1LDK 31.6m 2,https://suumo.jp/chintai/jnc_000099934175/
2026-02-07,2026-02-07T21:47:36,rent,賃貸,https://suumo.jp/chintai/jnc_000104608658/,chateau de bliss,東京都世田谷区奥沢2,14.9万,149000.0,31.7,9.589250359596887,,,1LDK,1階 | 14.9万円 14.9万円 | 1LDK 31.7m 2,https://suumo.jp/chintai/jnc_000104608658/
2026-02-07,2026-02-07T21:47:36,rent,賃貸,https://suumo.jp/chintai/jnc_000104614777/,THE OAKS自由が丘Luxe,東京都世田谷区奥沢4,12.5万,125000.0,30.27,9.156675343375325,,,1K,1階 | - 6.25万円 | 1K 30.27m 2,https://suumo.jp/chintai/jnc_000104614777/
2026-02-07,2026-02-07T21:47:36,rent,賃貸,https://suumo.jp/chintai/jnc_000104608659/,アトリオフラッツ自由が丘east,東京都世田谷区奥沢2,14.5万,145000.0,25.33,7.662325287337198,,,1K,1階 | 14.5万円 - | 1K 25.33m 2,https://suumo.jp/chintai/jnc_000104608659/
2026-02-07,2026-02-07T21:47:36,rent,賃貸,https://suumo.jp/chintai/jnc_000104709276/,ハイテール田園調布,東京都世田谷区東玉川2,9万,90000.0,28.35,8.575875321595325,,,1K,1階 | 9万円 9万円 | 1K 28.35m 2,https://suumo.jp/chintai/jnc_000104709276/
2026-02-07,2026-02-07T21:47:36,rent,賃貸,https://suumo.jp/chintai/jnc_000099971767/,ドミールおくさわ,東京都世田谷区奥沢3,6.7万,67000.0,20.0,6.050000226875008,,,1K,1階 | 6.7万円 6.7万円 | 1K 20m 2,https://suumo.jp/chintai/jnc_000099971767/
2026-02-07,2026-02-07T21:47:36,rent,賃貸,https://suumo.jp/chintai/jnc_000067883390/,OLIO奥沢,東京都世田谷区奥沢3,7.5万,75000.0,19.11,5.7807752167790705,,,ワンルーム,5階 | 7.5万円 7.5万円 | ワンルーム 19.11m 2,https://suumo.jp/chintai/jnc_000067883390/
2026-02-07,2026-02-07T21:47:36,rent,賃貸,https://suumo.jp/chintai/jnc_000104582577/,シェソワ奥沢,東京都世田谷区奥沢3,8.5万,85000.0,22.64,6.848600256822509,,,1K,1階 | 8.5万円 8.5万円 | 1K 22.64m 2,https://suumo.jp/chintai/jnc_000104582577/
2026-02-07,2026-02-07T21:47:36,rent,賃貸,https://suumo.jp/chintai/jnc_000102572772/,フィオレンテ田園調布,東京都世田谷区玉川田園調布2,31.8万,318000.0,87.1,26.34775098804066,,,3LDK,1階 | 31.8万円 31.8万円 | 3LDK 87.1m 2,https://suumo.jp/chintai/jnc_000102572772/
2026-02-07,2026-02-07T21:47:36,rent,賃貸,https://suumo.jp/chintai/jnc_000104769677/,小西ビル,東京都世田谷区奥沢3,7.5万,75000.0,25.25,7.638125286429697,,,1DK,3階 | 7.5万円 7.5万円 | 1DK 25.25m 2,https://suumo.jp/chintai/jnc_000104769677/
2026-02-07,2026-02-07T21:47:36,rent,賃貸,https://suumo.jp/chintai/jnc_000091368985/,東急目黒線 奥沢駅 2階建 築50年,東京都世田谷区奥沢3,6万,60000.0,23.18,7.011950262948134,,,1K,2階 | 6万円 - | 1K 23.18m 2,https://suumo.jp/chintai/jnc_000091368985/
2026-02-07,2026-02-07T21:47:36,rent,賃貸,https://suumo.jp/chintai/jnc_000103771174/,奥沢エンゼルマンション,東京都世田谷区奥沢4,5万,50000.0,13.2,3.993000149737505,,,1K,5階 | 5万円 5万円 | 1K 13.2m 2,https://suumo.jp/chintai/jnc_000103771174/
2026-02-07,2026-02-07T21:47:36,rent,賃貸,https://suumo.jp/chintai/jnc_000104433177/,小山アパート,東京都世田谷区奥沢1,5.3万,53000.0,17.82,5.390550202145632,,,1K,2階 | 5.3万円 - | 1K 17.82m 2,https://suumo.jp/chintai/jnc_000104433177/
2026-02-07,2026-02-07T21:47:36,rent,賃貸,https://suumo.jp/chintai/jnc_000102352673/,メゾン・ド・ジョワ,東京都世田谷区奥沢5,5.7万,57000.0,16.8,5.082000190575007,,,ワンルーム,1階 | - - | ワンルーム 16.8m 2,https://suumo.jp/chintai/jnc_000102352673/
2026-02-07,2026-02-07T21:47:36,rent,賃貸,https://suumo.jp/chintai/jnc_000103919766/,サニーヒルズ,東京都世田谷区奥沢5,13.5万,135000.0,34.68,10.490700393401264,,,1LDK,2階 | 13.5万円 27万円 | 1LDK 34.68m 2,https://suumo.jp/chintai/jnc_000103919766/
2026-02-07,2026-02-07T21:47:36,rent,賃貸,100475580069,深沢テラス,東京都世田谷区深沢2,20万,200000.0,58.32,17.641800661567522,,,1SLDK,2階 | 20万円 20万円 | 1SLDK 58.32m 2,https://suumo.jp/chintai/jnc_000103182912/?bc=100475580069
2026-02-07,2026-02-07T21:47:36,rent,賃貸,100486160119,東急東横線 自由が丘駅 3階建 築8年,東京都世田谷区深沢2,14.5万,145000.0,40.87,12.36317546361908,,,1LDK,3階 | 14.5万円 14.5万円 | 1LDK 40.87m 2,https://suumo.jp/chintai/jnc_000104509981/?bc=100486160119
2026-02-07,2026-02-07T21:47:36,rent,賃貸,100486429147,プラチナコート自由が丘RESIDENCE,東京都世田谷区奥沢5,13.6万,136000.0,33.28,10.067200377520013,,,2DK,1-2階 | - 13.6万円 | 2DK 33.28m 2,https://suumo.jp/chintai/jnc_000104326598/?bc=100486429147
2026-02-07,2026-02-07T21:47:36,rent,賃貸,100487657000,原口邸,東京都世田谷区奥沢1,35万,350000.0,111.3,33.66825126255942,,,4LDK,1階 | - 52.5万円 | 4LDK 111.3m 2,https://suumo.jp/chintai/jnc_000104148987/?bc=100487657000
2026-02-07,2026-02-07T21:47:36,rent,賃貸,100487547515,ハイシティ田園調布第2,東京都世田谷区東玉川2,5万,50000.0,14.54,4.3983501649381305,,,ワンルーム,4階 | 5万円 - | ワンルーム 14.54m 2,https://suumo.jp/chintai/jnc_000102202659/?bc=100487547515
2026-02-07,2026-02-07T21:47:36,rent,賃貸,100454291453,ハイシティ田園調布第2,東京都世田谷区東玉川2,5.1万,51000.0,14.54,4.3983501649381305,,,ワンルーム,2階 | 5.1万円 - | ワンルーム 14.54m 2,https://suumo.jp/chintai/jnc_000098970402/?bc=100454291453
2026-02-07,2026-02-07T21:47:36,rent,賃貸,100487552886,シャンブール自由ヶ丘,東京都目黒区緑が丘2,6.5万,65000.0,16.0,4.840000181500007,,,ワンルーム,3階 | 6.5万円 - | ワンルーム 16m 2,https://suumo.jp/chintai/jnc_000053859657/?bc=100487552886
2026-02-07,2026-02-07T21:47:36,rent,賃貸,100487714649,東玉川1丁目H邸,東京都世田谷区東玉川1,26.5万,265000.0,92.4,27.95100104816254,,,3LDK,1階 | 26.5万円 26.5万円 | 3LDK 92.4m 2,https://suumo.jp/chintai/jnc_000102448572/?bc=100487714649
2026-02-07,2026-02-07T21:47:36,rent,賃貸,100485134501,グリーンパス奥沢,東京都世田谷区奥沢4,13万,130000.0,23.55,7.123875267145323,,,1DK,1階 | 13万円 13万円 | 1DK 23.55m 2,https://suumo.jp/chintai/jnc_000103248818/?bc=100485134501
2026-02-07,2026-02-07T21:47:36,rent,賃貸,100482647950,グリーンパス奥沢,東京都世田谷区奥沢4,13.3万,133000.0,23.55,7.123875267145323,,,1DK,2階 | 13.3万円 13.3万円 | 1DK 23.55m 2,https://suumo.jp/chintai/jnc_000103248821/?bc=100482647950
2026-02-07,2026-02-07T21:47:36,rent,賃貸,100485134502,グリーンパス奥沢,東京都世田谷区奥沢4,18.2万,182000.0,40.3,12.19075045715314,,,1LDK,1階 | 18.2万円 18.2万円 | 1LDK 40.3m 2,https://suumo.jp/chintai/jnc_000103239227/?bc=100485134502
2026-02-07,2026-02-07T21:47:36,rent,賃貸,100487481970,レオパレスコングラツィア石川台,東京都大田区石川町2,10.1万,101000.0,23.18,7.011950262948134,,,1K,2階 | - 10.1万円 | 1K 23.18m 2,https://suumo.jp/chintai/jnc_000102532477/?bc=100487481970
2026-02-07,2026-02-07T21:47:36,rent,賃貸,100487992725,レオパレスコングラツィア石川台,東京都大田区石川町2,10.6万,106000.0,23.18,7.011950262948134,,,1K,2階 | - 10.6万円 | 1K 23.18m 2,https://suumo.jp/chintai/jnc_000104608594/?bc=100487992725
2026-02-07,2026-02-07T21:47:36,rent,賃貸,100485830104,Branche JIYUGAOKA,東京都世田谷区奥沢4,15.5万,155000.0,41.6,12.584000471900017,,,1LDK,3階 | - 15.5万円 | 1LDK 41.6m 2,https://suumo.jp/chintai/jnc_000103977089/?bc=100485830104
2026-02-07,2026-02-07T21:47:36,rent,賃貸,100486222977,アドラー奥沢,東京都世田谷区奥沢4,18.7万,187000.0,44.56,13.47940050547752,,,1LDK,2階 | 18.7万円 18.7万円 | 1LDK 44.56m 2,https://suumo.jp/chintai/jnc_000104417069/?bc=100486222977
2026-02-07,2026-02-07T21:47:36,rent,賃貸,100464974836,東急目黒線 奥沢駅 5階建 新築,東京都世田谷区奥沢3,22万,220000.0,35.4,10.708500401568765,,,1LDK,2階 | 22万円 - | 1LDK 35.4m 2,https://suumo.jp/chintai/jnc_000099926162/?bc=100464974836
2026-02-07,2026-02-07T21:47:36,rent,賃貸,100485990812,ヴィクトワール奥沢,東京都世田谷区奥沢3,9万,90000.0,26.08,7.8892002958450105,,,1K,1階 | 9万円 18万円 | 1K 26.08m 2,https://suumo.jp/chintai/jnc_000082046222/?bc=100485990812
2026-02-07,2026-02-07T21:47:36,rent,賃貸,100487419469,ルポ・ルアナ,東京都世田谷区奥沢5,11万,110000.0,28.0,8.470000317625011,,,ワンルーム,1階 | 11万円 11万円 | ワンルーム 28m 2,https://suumo.jp/chintai/jnc_000104668695/?bc=100487419469
2026-02-07,2026-02-07T21:47:36,rent,賃貸,100483515524,ルポ・ルアナ,東京都世田谷区奥沢5,11.5万,115000.0,21.79,6.5914752471803215,,,1K,3階 | 11.5万円 11.5万円 | 1K 21.79m 2,https://suumo.jp/chintai/jnc_000104412069/?bc=100483515524
2026-02-07,2026-02-07T21:47:36,rent,賃貸,100484965855,TWEED奥沢,東京都世田谷区奥沢1,32.8万,328000.0,65.58,19.83795074392315,,,1LDK,1階 | 32.8万円 - | 1LDK 65.58m 2,https://suumo.jp/chintai/jnc_000104357059/?bc=100484965855
2026-02-07,2026-02-07T21:47:36,rent,賃貸,100487730661,TWEED奥沢,東京都世田谷区奥沢1,33.7万,337000.0,64.41,19.484025730650963,,,1LDK,2階 | 33.7万円 - | 1LDK 64.41m 2,https://suumo.jp/chintai/jnc_000104735623/?bc=100487730661
2026-02-07,2026-02-07T21:47:36,rent,賃貸,100454444703,奥沢センターマンション,東京都世田谷区奥沢3,23.9万,239000.0,74.12,22.421300840798782,,,2LDK,7階 | 23.9万円 23.9万円 | 2LDK 74.12m 2,https://suumo.jp/chintai/jnc_000100807109/?bc=100454444703
2026-02-07,2026-02-07T21:47:36,rent,賃貸,100487590519,AZ HOUSE,東京都世田谷区奥沢4,8万,80000.0,18.79,5.68397521314907,,,1K,1階 | 8万円 8万円 | 1K 18.79m 2,https://suumo.jp/chintai/jnc_000104735628/?bc=100487590519
2026-02-07,2026-02-07T21:47:36,rent,賃貸,100466617507,マコト・パレス,東京都世田谷区奥沢1,8.5万,85000.0,30.0,9.075000340312512,,,2DK,5階 | 4.25万円 8.5万円 | 2DK 30m 2,https://suumo.jp/chintai/jnc_000104769675/?bc=100466617507
2026-02-07,2026-02-07T21:47:36,rent,賃貸,100485185964,自由が丘クイーンホームズ,東京都世田谷区奥沢2,35万,350000.0,124.0,37.51000140662505,,,3SLDK,1階 | 35万円 35万円 | 3SLDK 124m 2,https://suumo.jp/chintai/jnc_000088218887/?bc=100485185964
2026-02-07,2026-02-07T21:47:36,rent,賃貸,100487547740,東急目黒線 奥沢駅 2階建 築46年,東京都世田谷区奥沢2,7.4万,74000.0,28.0,8.470000317625011,,,1DK,2階 | 7.4万円 7.4万円 | 1DK 28m 2,https://suumo.jp/chintai/jnc_000102361342/?bc=100487547740
2026-02-07,2026-02-07T21:47:36,rent,賃貸,100487313789,コスモリード奥沢,東京都世田谷区奥沢1,15.1万,151000.0,35.35,10.693375401001576,,,1DK,1階 | 15.1万円 - | 1DK 35.35m 2,https://suumo.jp/chintai/jnc_000103294578/?bc=100487313789
2026-02-07,2026-02-07T21:47:36,rent,賃貸,100487543923,リュエル ラ ビュイ自由が丘,東京都目黒区自由が丘1,19万,190000.0,48.75,14.746875553007833,,,1LDK,2階 | 19万円 19万円 | 1LDK 48.75m 2,https://suumo.jp/chintai/jnc_000104689126/?bc=100487543923
2026-02-07,2026-02-07T21:47:36,rent,賃貸,100487812300,ベルデ自由が丘B,東京都世田谷区奥沢5,7.5万,75000.0,22.2,6.7155002518312585,,,ワンルーム,1階 | 7.5万円 - | ワンルーム 22.2m 2,https://suumo.jp/chintai/jnc_000104745324/?bc=100487812300
2026-02-07,2026-02-07T21:47:36,rent,賃貸,100485362783,キソービクトリア自由が丘,東京都世田谷区奥沢1,5.8万,58000.0,15.0,4.537500170156256,,,ワンルーム,1階 | 5.8万円 5.8万円 | ワンルーム 15m 2,https://suumo.jp/chintai/jnc_000090247587/?bc=100485362783
2026-02-07,2026-02-07T21:47:36,rent,賃貸,100484751019,キソービクトリア自由が丘,東京都世田谷区奥沢1,6.3万,63000.0,15.0,4.537500170156256,,,ワンルーム,3階 | 6.3万円 6.3万円 | ワンルーム 15m 2,https://suumo.jp/chintai/jnc_000024541865/?bc=100484751019
2026-02-07,2026-02-07T21:47:36,rent,賃貸,100488047272,ウェルスクエア田園調布,東京都大田区田園調布2,12.3万,123000.0,32.13,9.7193253644747,,,1LDK,2階 | 12.3万円 12.3万円 | 1LDK 32.13m 2,https://suumo.jp/chintai/jnc_000102783609/?bc=100488047272
2026-02-07,2026-02-07T21:47:36,rent,賃貸,100483551365,奥沢コーポラス,東京都世田谷区奥沢3,6.5万,65000.0,20.0,6.050000226875008,,,1K,2階 | 6.5万円 6.5万円 | 1K 20m 2,https://suumo.jp/chintai/jnc_000104139242/?bc=100483551365
2026-02-07,2026-02-07T21:47:36,rent,賃貸,100480194176,奥沢コーポラス,東京都世田谷区奥沢3,7.2万,72000.0,19.44,5.880600220522508,,,1K,1階 | 7.2万円 7.2万円 | 1K 19.44m 2,https://suumo.jp/chintai/jnc_000103567588/?bc=100480194176
2026-02-07,2026-02-07T21:47:36,rent,賃貸,100485362515,日興パレス田園調布第二,東京都世田谷区東玉川1,6.3万,63000.0,18.42,5.572050208951883,,,ワンルーム,6階 | - - | ワンルーム 18.42m 2,https://suumo.jp/chintai/jnc_000104378903/?bc=100485362515
2026-02-07,2026-02-07T21:47:36,rent,賃貸,100470216727,ハイタウン自由が丘,東京都世田谷区奥沢3,5.2万,52000.0,14.65,4.431625166185944,,,1K,4階 | - - | 1K 14.65m 2,https://suumo.jp/chintai/jnc_000069717610/?bc=100470216727
2026-02-07,2026-02-07T21:47:36,rent,賃貸,100473537806,緑が丘ハイツ,東京都世田谷区奥沢2,7.9万,79000.0,19.75,5.97437522403907,,,1K,3階 | 7.9万円 7.9万円 | 1K 19.75m 2,https://suumo.jp/chintai/jnc_000102538244/?bc=100473537806
2026-02-07,2026-02-07T21:47:36,rent,賃貸,100487749914,ボヌール都立大学弐番館,東京都目黒区中根2,12万,120000.0,40.24,12.172600456472518,,,1DK,2階 | 12万円 12万円 | 1DK 40.24m 2,https://suumo.jp/chintai/jnc_000104735476/?bc=100487749914
2026-02-07,2026-02-07T21:47:36,rent,賃貸,100487761356,ボヌール都立大学弐番館,東京都目黒区中根2,19.9万,199000.0,56.82,17.188050644551897,,,1SLDK,3階 | 19.9万円 19.9万円 | 1SLDK 56.82m 2,https://suumo.jp/chintai/jnc_000104735477/?bc=100487761356
2026-02-07,2026-02-07T21:47:36,rent,賃貸,100487313803,アノンテラス奥沢,東京都世田谷区東玉川1,8.7万,87000.0,21.89,6.621725248314696,,,1K,1階 | 8.7万円 8.7万円 | 1K 21.89m 2,https://suumo.jp/chintai/jnc_000104668739/?bc=100487313803
2026-02-07,2026-02-07T21:47:36,rent,賃貸,100463742619,メゾン・ド・シュミネ,東京都世田谷区奥沢2,6万,60000.0,14.4,4.356000163350006,,,ワンルーム,1階 | - - | ワンルーム 14.4m 2,https://suumo.jp/chintai/jnc_000100474112/?bc=100463742619
2026-02-07,2026-02-07T21:47:36,rent,賃貸,100486844211,クレスト自由が丘,東京都目黒区緑が丘2,16.8万,168000.0,42.34,12.807850480294393,,,1LDK,2階 | 16.8万円 16.8万円 | 1LDK 42.34m 2,https://suumo.jp/chintai/jnc_000104499150/?bc=100486844211
2026-02-07,2026-02-07T21:47:36,rent,賃貸,100487610732,リベロ,東京都世田谷区奥沢4,14.5万,145000.0,57.83,17.493575656009085,,,2LDK,- | 14.5万円 - | 2LDK 57.83m 2,https://suumo.jp/chintai/jnc_000104426082/?bc=100487610732
2026-02-07,2026-02-07T21:47:36,rent,賃貸,100486084289,フレンシア玉川田園調布,東京都世田谷区玉川田園調布2,20万,200000.0,42.0,12.705000476437517,,,1LDK,2階 | 20万円 20万円 | 1LDK 42m 2,https://suumo.jp/chintai/jnc_000104499353/?bc=100486084289
2026-02-07,2026-02-07T21:47:36,rent,賃貸,100487708285,フレンシア玉川田園調布,東京都世田谷区玉川田園調布2,20万,200000.0,41.84,12.656600474622518,,,1LDK,2階 | 20万円 20万円 | 1LDK 41.84m 2,https://suumo.jp/chintai/jnc_000104689331/?bc=100487708285
2026-02-07,2026-02-07T21:47:36,rent,賃貸,100487969778,S.K,東京都世田谷区奥沢2,21.8万,218000.0,55.06,16.655650624586897,,,2LDK,2階 | - 21.8万円 | 2LDK 55.06m 2,https://suumo.jp/chintai/jnc_000104776884/?bc=100487969778
2026-02-07,2026-02-07T21:47:36,rent,賃貸,100485336088,ハイシティ自由が丘,東京都世田谷区奥沢2,6.5万,65000.0,15.0,4.537500170156256,,,ワンルーム,2階 | - - | ワンルーム 15m 2,https://suumo.jp/chintai/jnc_000104348113/?bc=100485336088
2026-02-07,2026-02-07T21:47:36,rent,賃貸,100484973122,ハイシティ自由が丘,東京都世田谷区奥沢2,7万,70000.0,15.0,4.537500170156256,,,ワンルーム,2階 | - - | ワンルーム 15m 2,https://suumo.jp/chintai/jnc_000104348114/?bc=100484973122
2026-02-07,2026-02-07T21:47:36,rent,賃貸,100478418785,東急東横線 自由が丘駅 2階建 築8年,東京都目黒区自由が丘2,10.2万,102000.0,26.49,8.013225300495948,,,1K,2階 | 10.2万円 10.2万円 | 1K 26.49m 2,https://suumo.jp/chintai/jnc_000103362900/?bc=100478418785
2026-02-07,2026-02-07T21:47:36,rent,賃貸,100488012808,東急東横線 自由が丘駅 2階建 築8年,東京都目黒区自由が丘2,14.5万,145000.0,38.5,11.646250436734391,,,1LDK,2階 | 14.5万円 14.5万円 | 1LDK 38.5m 2,https://suumo.jp/chintai/jnc_000104644180/?bc=100488012808
2026-02-07,2026-02-07T21:47:36,rent,賃貸,100486958921,ディプロマット緑ヶ丘,東京都目黒区緑が丘1,42万,420000.0,103.36,31.266401172490042,,,3LDK,2階 | 126万円 42万円 | 3LDK 103.36m 2,https://suumo.jp/chintai/jnc_000104608582/?bc=100486958921
2026-02-07,2026-02-07T21:47:36,rent,賃貸,100487936550,マイキャッスル田園調布II,東京都世田谷区東玉川2,14万,140000.0,40.64,12.293600461010017,,,2DK,4階 | 28万円 14万円 | 2DK 40.64m 2,https://suumo.jp/chintai/jnc_000104709275/?bc=100487936550
2026-02-07,2026-02-07T21:47:36,rent,賃貸,100487675166,自由が丘センチュリー,東京都目黒区自由が丘1,15万,150000.0,45.45,13.748625515573456,,,2DK,3階 | 15万円 15万円 | 2DK 45.45m 2,https://suumo.jp/chintai/jnc_000104725025/?bc=100487675166
2026-02-07,2026-02-07T21:47:36,rent,賃貸,100487708240,自由が丘センチュリー,東京都目黒区自由が丘1,15万,150000.0,45.45,13.748625515573456,,,1LDK,3階 | 15万円 15万円 | 1LDK 45.45m 2,https://suumo.jp/chintai/jnc_000104699531/?bc=100487708240
2026-02-07,2026-02-07T21:47:36,rent,賃貸,100487832392,マノワール自由が丘,東京都世田谷区奥沢6,15.9万,159000.0,46.17,13.966425523740957,,,1LDK,2階 | 15.9万円 - | 1LDK 46.17m 2,https://suumo.jp/chintai/jnc_000104745325/?bc=100487832392
2026-02-07,2026-02-07T21:47:36,rent,賃貸,100485403281,FLUFFY自由が丘,東京都目黒区自由が丘2,29.2万,292000.0,49.84,15.076600565372521,,,1LDK,2階 | - - | 1LDK 49.84m 2,https://suumo.jp/chintai/jnc_000104717711/?bc=100485403281
2026-02-07,2026-02-07T21:47:36,rent,賃貸,100480664139,FLUFFY自由が丘,東京都目黒区自由が丘2,30.5万,305000.0,51.01,15.430525578644708,,,1LDK,2階 | - - | 1LDK 51.01m 2,https://suumo.jp/chintai/jnc_000104717710/?bc=100480664139
2026-02-07,2026-02-07T21:47:36,rent,賃貸,100486533583,FLUFFY自由が丘,東京都目黒区自由が丘2,31.1万,311000.0,49.09,14.849725556864708,,,1LDK,1階 | - - | 1LDK 49.09m 2,https://suumo.jp/chintai/jnc_000104541294/?bc=100486533583
2026-02-07,2026-02-07T21:47:36,rent,賃貸,100480557030,FLUFFY自由が丘,東京都目黒区自由が丘2,32.3万,323000.0,49.84,15.076600565372521,,,1LDK,2階 | - - | 1LDK 49.84m 2,https://suumo.jp/chintai/jnc_000103771012/?bc=100480557030
2026-02-07,2026-02-07T21:47:36,rent,賃貸,100480422698,FLUFFY自由が丘,東京都目黒区自由が丘2,32.5万,325000.0,51.01,15.430525578644708,,,1LDK,1階 | - - | 1LDK 51.01m 2,https://suumo.jp/chintai/jnc_000103771010/?bc=100480422698
2026-02-07,2026-02-07T21:47:36,rent,賃貸,100487497784,FLUFFY自由が丘,東京都目黒区自由が丘2,38.3万,383000.0,67.04,20.279600760485028,,,2LDK,B1-1階 | - - | 2LDK 67.04m 2,https://suumo.jp/chintai/jnc_000104699534/?bc=100487497784
2026-02-07,2026-02-07T21:47:36,rent,賃貸,100482516136,FLUFFY自由が丘,東京都目黒区自由が丘2,42万,420000.0,67.04,20.279600760485028,,,2LDK,1階 | - - | 2LDK 67.04m 2,https://suumo.jp/chintai/jnc_000103771011/?bc=100482516136
2026-02-07,2026-02-07T21:47:36,rent,賃貸,100479482561,パークアクシス自由が丘テラス,東京都目黒区八雲3,15.5万,155000.0,30.04,9.087100340766263,,,ワンルーム,3階 | 15.5万円 18.6万円 | ワンルーム 30.04m 2,https://suumo.jp/chintai/jnc_000102367909/?bc=100479482561
2026-02-07,2026-02-07T21:47:36,rent,賃貸,100487488130,パークアクシス自由が丘テラス,東京都目黒区八雲3,17.9万,179000.0,34.89,10.554225395783451,,,1LDK,2階 | 17.9万円 21.48万円 | 1LDK 34.89m 2,https://suumo.jp/chintai/jnc_000102367908/?bc=100487488130
2026-02-07,2026-02-07T21:47:36,rent,賃貸,100455646043,パークアクシス自由が丘テラス,東京都目黒区八雲3,20万,200000.0,38.06,11.51315043174314,,,1LDK,3階 | 20万円 40万円 | 1LDK 38.06m 2,https://suumo.jp/chintai/jnc_000104256296/?bc=100455646043
2026-02-07,2026-02-07T21:47:36,rent,賃貸,100475951684,パークアクシス自由が丘テラス,東京都目黒区八雲3,20.4万,204000.0,38.06,11.51315043174314,,,1LDK,3階 | 20.4万円 20.4万円 | 1LDK 38.06m 2,https://suumo.jp/chintai/jnc_000102364829/?bc=100475951684
2026-02-07,2026-02-07T21:47:36,rent,賃貸,100486086235,田園マンション,東京都世田谷区奥沢8,21万,210000.0,66.74,20.1888507570819,,,2LDK,3階 | 21万円 21万円 | 2LDK 66.74m 2,https://suumo.jp/chintai/jnc_000083382099/?bc=100486086235
2026-02-07,2026-02-07T21:47:36,rent,賃貸,100486124057,田園マンション,東京都世田谷区奥沢8,34万,340000.0,111.92,33.85580126959255,,,3LDK,5階 | 34万円 34万円 | 3LDK 111.92m 2,https://suumo.jp/chintai/jnc_000083320318/?bc=100486124057
2026-02-07,2026-02-07T21:47:36,rent,賃貸,100487662611,ガーデンカーサ自由が丘,東京都目黒区緑が丘2,15.5万,155000.0,44.0,13.310000499125017,,,2DK,1階 | 15.5万円 15.5万円 | 2DK 44m 2,https://suumo.jp/chintai/jnc_000104689140/?bc=100487662611
2026-02-07,2026-02-07T21:47:36,rent,賃貸,100486167064,KDXレジデンス自由が丘,東京都目黒区八雲3,17.1万,171000.0,45.23,13.68207551307783,,,1LDK,3階 | 17.1万円 17.1万円 | 1LDK 45.23m 2,https://suumo.jp/chintai/jnc_000104491810/?bc=100486167064
2026-02-07,2026-02-07T21:47:36,rent,賃貸,100472267857,自由が丘ロイヤルハイツ,東京都世田谷区奥沢6,8万,80000.0,19.88,6.013700225513758,,,1K,4階 | 8万円 8万円 | 1K 19.88m 2,https://suumo.jp/chintai/jnc_000102688000/?bc=100472267857
2026-02-07,2026-02-07T21:47:36,rent,賃貸,100483988540,自由が丘ロイヤルハイツ,東京都世田谷区奥沢6,9.5万,95000.0,33.0,9.982500374343763,,,1LDK,3階 | 9.5万円 9.5万円 | 1LDK 33m 2,https://suumo.jp/chintai/jnc_000048127470/?bc=100483988540
2026-02-07,2026-02-07T21:47:36,rent,賃貸,100486613754,自由が丘ロイヤルハイツ,東京都世田谷区奥沢6,15.5万,155000.0,48.0,14.52000054450002,,,1LDK,4階 | 15.5万円 15.5万円 | 1LDK 48m 2,https://suumo.jp/chintai/jnc_000083984859/?bc=100486613754
2026-02-07,2026-02-07T21:47:36,rent,賃貸,100486635609,FLEG自由が丘EL,東京都目黒区緑が丘2,16.8万,168000.0,40.35,12.20587545772033,,,1DK,2階 | - 16.8万円 | 1DK 40.35m 2,https://suumo.jp/chintai/jnc_000103600210/?bc=100486635609
2026-02-07,2026-02-07T21:47:36,rent,賃貸,100483603960,noam,東京都世田谷区奥沢2,8.8万,88000.0,18.87,5.7081752140565705,,,ワンルーム,1階 | - - | ワンルーム 18.87m 2,https://suumo.jp/chintai/jnc_000050259270/?bc=100483603960
2026-02-07,2026-02-07T21:47:36,rent,賃貸,100487690104,自由が丘カントリー倶楽部,東京都世田谷区奥沢5,12.5万,125000.0,25.31,7.656275287110322,,,1K,3階 | 12.5万円 12.5万円 | 1K 25.31m 2,https://suumo.jp/chintai/jnc_000102869648/?bc=100487690104
2026-02-07,2026-02-07T21:47:36,rent,賃貸,100480780887,自由が丘カントリー倶楽部,東京都世田谷区奥沢5,13万,130000.0,26.45,8.001125300042197,,,1K,2階 | 13万円 13万円 | 1K 26.45m 2,https://suumo.jp/chintai/jnc_000103727489/?bc=100480780887
2026-02-07,2026-02-07T21:47:36,rent,賃貸,100484705387,サウダージ自由が丘,東京都世田谷区奥沢6,12.4万,124000.0,26.27,7.946675298000323,,,1K,2階 | 12.4万円 - | 1K 26.27m 2,https://suumo.jp/chintai/jnc_000104276385/?bc=100484705387
2026-02-07,2026-02-07T21:47:36,rent,賃貸,100486782286,サウダージ自由が丘,東京都世田谷区奥沢6,12.5万,125000.0,26.27,7.946675298000323,,,1K,3階 | 12.5万円 - | 1K 26.27m 2,https://suumo.jp/chintai/jnc_000104464715/?bc=100486782286
2026-02-07,2026-02-07T21:47:36,rent,賃貸,100488075819,ファミーユ田園,東京都世田谷区玉川田園調布2,12.7万,127000.0,39.75,12.024375450914079,,,2DK,1階 | 12.7万円 12.7万円 | 2DK 39.75m 2,https://suumo.jp/chintai/jnc_000104776941/?bc=100488075819
2026-02-07,2026-02-07T21:47:36,rent,賃貸,100481268656,レジディア自由が丘,東京都目黒区中根1,18万,180000.0,41.96,12.692900475983768,,,1LDK,4階 | 18万円 18万円 | 1LDK 41.96m 2,https://suumo.jp/chintai/jnc_000103324351/?bc=100481268656
2026-02-07,2026-02-07T21:47:36,rent,賃貸,100486844093,レジディア自由が丘,東京都目黒区中根1,26.1万,261000.0,55.52,16.794800629805025,,,2LDK,5階 | 26.1万円 26.1万円 | 2LDK 55.52m 2,https://suumo.jp/chintai/jnc_000104482749/?bc=100486844093
2026-02-07,2026-02-07T21:47:36,rent,賃貸,100482167795,レジディア自由が丘,東京都目黒区中根1,26.5万,265000.0,54.48,16.480200618007522,,,2LDK,3階 | 26.5万円 26.5万円 | 2LDK 54.48m 2,https://suumo.jp/chintai/jnc_000103987432/?bc=100482167795
2026-02-07,2026-02-07T21:47:36,rent,賃貸,100482060065,レジディア自由が丘,東京都目黒区中根1,26.7万,267000.0,55.52,16.794800629805025,,,2LDK,3階 | 26.7万円 26.7万円 | 2LDK 55.52m 2,https://suumo.jp/chintai/jnc_000103987431/?bc=100482060065
2026-02-07,2026-02-07T21:47:36,rent,賃貸,100485512423,レジディア自由が丘,東京都目黒区中根1,29万,290000.0,54.8,16.57700062163752,,,2LDK,9階 | 29万円 29万円 | 2LDK 54.8m 2,https://suumo.jp/chintai/jnc_000104326416/?bc=100485512423
2026-02-07,2026-02-07T21:47:36,rent,賃貸,100487872881,レオパレスアットホーム,東京都世田谷区尾山台3,10.8万,108000.0,21.11,6.385775239466571,,,1K,3階 | - 10.8万円 | 1K 21.11m 2,https://suumo.jp/chintai/jnc_000103245065/?bc=100487872881
2026-02-07,2026-02-07T21:47:36,rent,賃貸,100486886397,胡桃ガーデン,東京都目黒区中根2,11.5万,115000.0,30.6,9.256500347118763,,,1DK,2階 | 11.5万円 11.5万円 | 1DK 30.6m 2,https://suumo.jp/chintai/jnc_000104599013/?bc=100486886397
2026-02-07,2026-02-07T21:47:36,rent,賃貸,100486340875,グレイス自由が丘,東京都目黒区自由が丘3,7.6万,76000.0,21.0,6.3525002382187585,,,1K,1階 | 7.6万円 7.6万円 | 1K 21m 2,https://suumo.jp/chintai/jnc_000104532200/?bc=100486340875
2026-02-07,2026-02-07T21:47:36,rent,賃貸,100487741712,コンフォリア目黒八雲,東京都目黒区八雲1,11.3万,113000.0,27.76,8.397400314902512,,,ワンルーム,2階 | 11.3万円 - | ワンルーム 27.76m 2,https://suumo.jp/chintai/jnc_000104709122/?bc=100487741712
2026-02-07,2026-02-07T21:47:36,rent,賃貸,100484477213,コンフォリア目黒八雲,東京都目黒区八雲1,16.2万,162000.0,38.21,11.558525433444704,,,1LDK,2階 | 16.2万円 - | 1LDK 38.21m 2,https://suumo.jp/chintai/jnc_000103909022/?bc=100484477213
2026-02-07,2026-02-07T21:47:36,rent,賃貸,100487929817,マデイラ,東京都大田区田園調布2,7.5万,75000.0,20.09,6.077225227895946,,,1K,1階 | 7.5万円 7.5万円 | 1K 20.09m 2,https://suumo.jp/chintai/jnc_000104069923/?bc=100487929817
2026-02-07,2026-02-07T21:47:36,rent,賃貸,100486639273,マデイラ,東京都大田区田園調布2,7.9万,79000.0,20.09,6.077225227895946,,,1K,2階 | 7.9万円 7.9万円 | 1K 20.09m 2,https://suumo.jp/chintai/jnc_000103960144/?bc=100486639273
2026-02-07,2026-02-07T21:47:36,rent,賃貸,100486806328,ウェルスクエア自由が丘EAST,東京都世田谷区奥沢2,9.8万,98000.0,23.36,7.066400264990009,,,1K,1階 | - 14.7万円 | 1K 23.36m 2,https://suumo.jp/chintai/jnc_000104590682/?bc=100486806328
2026-02-07,2026-02-07T21:47:36,rent,賃貸,100475769793,レジデンス自由が丘3,東京都目黒区自由が丘2,9.5万,95000.0,21.4,6.473500242756258,,,1K,1階 | 9.5万円 9.5万円 | 1K 21.4m 2,https://suumo.jp/chintai/jnc_000103169637/?bc=100475769793
2026-02-07,2026-02-07T21:47:36,rent,賃貸,100376868937,パークハウス等々力 E棟,東京都世田谷区等々力6,55万,550000.0,104.69,31.668726187577228,,,2LDK,2階 | 55万円 55万円 | 2LDK 104.69m 2,https://suumo.jp/chintai/jnc_000104044329/?bc=100376868937
2026-02-07,2026-02-07T21:47:36,rent,賃貸,100486127817,スフィア自由が丘,東京都目黒区緑が丘2,13.7万,137000.0,33.8,10.224500383418762,,,1K,2階 | 13.7万円 13.7万円 | 1K 33.8m 2,https://suumo.jp/chintai/jnc_000104518854/?bc=100486127817
2026-02-07,2026-02-07T21:47:36,rent,賃貸,100487899778,メゾン水谷,東京都世田谷区奥沢7,6.1万,61000.0,14.86,4.495150168568131,,,ワンルーム,1階 | - - | ワンルーム 14.86m 2,https://suumo.jp/chintai/jnc_000097799636/?bc=100487899778
2026-02-07,2026-02-07T21:47:36,rent,賃貸,100487653324,ジョイフル田園調布,東京都世田谷区東玉川2,7万,70000.0,16.62,5.027550188533132,,,1K,4階 | 7万円 - | 1K 16.62m 2,https://suumo.jp/chintai/jnc_000104725299/?bc=100487653324
2026-02-07,2026-02-07T21:47:36,rent,賃貸,100469921682,ジョイフル田園調布,東京都世田谷区東玉川2,7万,70000.0,16.17,4.891425183428445,,,1K,1階 | 7万円 - | 1K 16.17m 2,https://suumo.jp/chintai/jnc_000102136219/?bc=100469921682
2026-02-07,2026-02-07T21:47:36,rent,賃貸,100487653321,ジョイフル田園調布,東京都世田谷区東玉川2,7.1万,71000.0,16.17,4.891425183428445,,,1K,5階 | 7.1万円 - | 1K 16.17m 2,https://suumo.jp/chintai/jnc_000104725300/?bc=100487653321
2026-02-07,2026-02-07T21:47:36,rent,賃貸,100487926238,フェルテシモ田園調布,東京都大田区田園調布2,7万,70000.0,18.24,5.517600206910007,,,1K,2階 | - - | 1K 18.24m 2,https://suumo.jp/chintai/jnc_000104776836/?bc=100487926238
2026-02-07,2026-02-07T21:47:36,rent,賃貸,100480991828,東急目黒線 田園調布駅 4階建 築55年,東京都大田区田園調布2,7万,70000.0,22.31,6.748775253079071,,,1K,4階 | 7万円 7万円 | 1K 22.31m 2,https://suumo.jp/chintai/jnc_000102117890/?bc=100480991828
2026-02-07,2026-02-07T21:47:36,rent,賃貸,100485171217,ミハス田園調布,東京都世田谷区東玉川2,10万,100000.0,20.68,6.255700234588758,,,1K,1階 | - 10万円 | 1K 20.68m 2,https://suumo.jp/chintai/jnc_000104378904/?bc=100485171217
2026-02-07,2026-02-07T21:47:36,rent,賃貸,100479860643,マリオン田園調布,東京都世田谷区東玉川2,4.9万,49000.0,16.08,4.864200182407506,,,ワンルーム,1階 | 4.9万円 - | ワンルーム 16.08m 2,https://suumo.jp/chintai/jnc_000103702455/?bc=100479860643
2026-02-07,2026-02-07T21:47:36,rent,賃貸,100476806422,奥沢1丁目貸家,東京都世田谷区奥沢1,38.8万,388000.0,110.25,33.35062625064848,,,3LDK,1階 | 38.8万円 38.8万円 | 3LDK 110.25m 2,https://suumo.jp/chintai/jnc_000103352908/?bc=100476806422
2026-02-07,2026-02-07T21:47:36,rent,賃貸,100487714298,自由ヶ丘第3マンション,東京都世田谷区東玉川1,7.3万,73000.0,31.46,9.516650356874388,,,1DK,6階 | 7.3万円 - | 1DK 31.46m 2,https://suumo.jp/chintai/jnc_000085735853/?bc=100487714298
2026-02-07,2026-02-07T21:47:36,rent,賃貸,100484908856,東玉川一丁目邸,東京都世田谷区東玉川1,38万,380000.0,156.1,47.22025177075944,,,5LDK,- | 38万円 38万円 | 5LDK 156.1m 2,https://suumo.jp/chintai/jnc_000104317105/?bc=100484908856
2026-02-07,2026-02-07T21:47:36,rent,賃貸,100475182288,田園調布邸宅,東京都大田区田園調布3,150万,1500000.0,260.26,78.72865295232448,,,5LDK,- | 300万円 150万円 | 5LDK 260.26m 2,https://suumo.jp/chintai/jnc_000103129984/?bc=100475182288
2026-02-07,2026-02-07T21:47:36,rent,賃貸,100480852343,奥沢2丁目戸建,東京都世田谷区奥沢2,52万,520000.0,112.83,34.131076279915355,,,4SLDK,- | 52万円 104万円 | 4SLDK 112.83m 2,https://suumo.jp/chintai/jnc_000103792434/?bc=100480852343
2026-02-07,2026-02-07T21:47:36,rent,賃貸,100483152440,東急大井町線 緑が丘駅 2階建 新築,東京都世田谷区奥沢1,140万,1400000.0,144.63,43.75057664064662,,,3SLDK,- | 280万円 140万円 | 3SLDK 144.63m 2,https://suumo.jp/chintai/jnc_000104256405/?bc=100483152440
2026-02-07,2026-02-07T21:47:36,rent,賃貸,100484004361,緑が丘1丁目戸建,東京都目黒区緑が丘1,35万,350000.0,98.94,29.929351122350663,,,3LDK,- | 70万円 35万円 | 3LDK 98.94m 2,https://suumo.jp/chintai/jnc_000103674442/?bc=100484004361
2026-02-07,2026-02-07T21:47:36,rent,賃貸,100486567343,八雲二丁目テラスハウス,東京都目黒区八雲2,27万,270000.0,68.13,20.609325772849715,,,3LDK,- | 27万円 27万円 | 3LDK 68.13m 2,https://suumo.jp/chintai/jnc_000100089007/?bc=100486567343
2026-02-07,2026-02-07T21:47:36,rent,賃貸,100482770007,奥沢1丁目貸家,東京都世田谷区奥沢1,38.8万,388000.0,110.25,33.35062625064848,,,ワンルーム,B1-3階 | 38.8万円 38.8万円 | ワンルーム 110.25m 2,https://suumo.jp/chintai/jnc_000103619311/?bc=100482770007
2026-02-07,2026-02-07T21:47:36,rent,賃貸,100426602902,奥沢戸建,東京都世田谷区奥沢2,35万,350000.0,126.73,38.33582643759349,,,1SLDK,- | 70万円 35万円 | 1SLDK 126.73m 2,https://suumo.jp/chintai/jnc_000099702064/?bc=100426602902
2026-02-07,2026-02-07T21:47:36,rent,賃貸,100404464461,田園調布2丁目K邸,東京都大田区田園調布2,150万,1500000.0,477.89,144.56173042106488,,,6SLDK,- | 600万円 - | 6SLDK 477.89m 2,https://suumo.jp/chintai/jnc_000058867924/?bc=100404464461
2026-02-07,2026-02-07T21:47:36,rent,賃貸,100486900297,八雲2丁目戸建,東京都目黒区八雲2,45万,450000.0,79.54,24.06085090228191,,,3LDK,- | 45万円 45万円 | 3LDK 79.54m 2,https://suumo.jp/chintai/jnc_000104582493/?bc=100486900297
2026-02-07,2026-02-07T21:47:36,sale,戸建て(新築),78929399,Luxsis 雪が谷大塚Vol.3,東京都世田谷区東玉川1,1億3590万円,135900000.0,97.43,29.472576105221606,1394847.5828800164,4611066.216771015,3LDK+S(納戸)~4LDK,"{""物件名"": ""Luxsis 雪が谷大塚Vol.3"", ""販売価格"": ""1億3590万円"", ""所在地"": ""東京都世田谷区東玉川1"", ""沿線・駅"": ""東急目黒線「奥沢」徒歩17分"", ""土地面積"": ""97.33m 2 ~97.53m 2"", ""間取り"": ""3LDK+S(納戸)~4LDK"", ""建物面積"": ""118.91m 2 ~119.38m 2""}",https://suumo.jp/ikkodate/tokyo/sc_setagaya/nc_78929399/
2026-02-07,2026-02-07T21:47:36,sale,戸建て(新築),79040627,東玉川1丁目 新築戸建,東京都世田谷区東玉川1,1億5980万円,159800000.0,98.37,29.756926115884728,1624479.0078275895,5370178.336891329,2LDK+S(納戸),"{""物件名"": ""東玉川1丁目 新築戸建"", ""販売価格"": ""1億5980万円"", ""所在地"": ""東京都世田谷区東玉川1"", ""沿線・駅"": ""東急目黒線「奥沢」徒歩11分"", ""土地面積"": ""98.37m 2"", ""間取り"": ""2LDK+S(納戸)"", ""建物面積"": ""105.33m 2 、うち1階車庫5.45m 2""}",https://suumo.jp/ikkodate/tokyo/sc_setagaya/nc_79040627/
2026-02-07,2026-02-07T21:47:36,sale,戸建て(新築),79073027,限定1棟!洗練と品格が息づく「自由が丘」に住まう、と...,東京都目黒区自由が丘1,1億9199万円,191990000.0,77.05,23.3,2491758.598312784,8239914.163090128,4LDK,"{""物件名"": ""限定1棟!洗練と品格が息づく「自由が丘」に住まう、と..."", ""販売価格"": ""1億9199万円"", ""所在地"": ""東京都目黒区自由が丘1"", ""沿線・駅"": ""東急目黒線「奥沢」徒歩13分"", ""土地面積"": ""77.05m 2 (23.30坪)"", ""間取り"": ""4LDK"", ""建物面積"": ""133.26m 2 (40.31坪)""}",https://suumo.jp/ikkodate/tokyo/sc_meguro/nc_79073027/
2026-02-07,2026-02-07T21:47:36,sale,戸建て(新築),20095726,世田谷区奥沢2丁目 新築戸建,東京都世田谷区奥沢2,2億500万円~2億1000万円,207500000.0,91.76,27.75,2261333.914559721,7477477.477477478,2LDK+S(納戸),"{""物件名"": ""世田谷区奥沢2丁目 新築戸建"", ""販売価格"": ""2億500万円~2億1000万円"", ""所在地"": ""東京都世田谷区奥沢2"", ""沿線・駅"": ""東急目黒線「奥沢」徒歩3分"", ""土地面積"": ""91.76m 2 (27.75坪)(実測)"", ""間取り"": ""2LDK+S(納戸)"", ""建物面積"": ""157.6m 2 ~161.64m 2 (47.67坪~48.89坪)(実測)""}",https://suumo.jp/ikkodate/tokyo/sc_setagaya/nc_20095726/
2026-02-07,2026-02-07T21:47:36,sale,戸建て(新築),78754942,,東京都世田谷区等々力6,2億2800万円,228000000.0,184.78,55.89,1233899.7727026735,4079441.760601181,4LDK+S(納戸),"{""販売価格"": ""2億2800万円"", ""所在地"": ""東京都世田谷区等々力6"", ""沿線・駅"": ""東急目黒線「奥沢」徒歩24分"", ""土地面積"": ""184.78m 2 (55.89坪)(実測)"", ""間取り"": ""4LDK+S(納戸)"", ""建物面積"": ""180.83m 2 (54.70坪)(実測)""}",https://suumo.jp/ikkodate/tokyo/sc_setagaya/nc_78754942/
2026-02-07,2026-02-07T21:47:36,sale,戸建て(新築),20010098,Luxsis 奥沢Vol.1,東京都世田谷区奥沢1,2億5990万円,259900000.0,190.01,57.47802715542601,1367822.7461712542,4521727.91695174,3LDK+S(納戸),"{""物件名"": ""Luxsis 奥沢Vol.1"", ""販売価格"": ""2億5990万円"", ""所在地"": ""東京都世田谷区奥沢1"", ""沿線・駅"": ""東急目黒線「奥沢」徒歩10分"", ""土地面積"": ""190.01m 2"", ""間取り"": ""3LDK+S(納戸)"", ""建物面積"": ""186.67m 2""}",https://suumo.jp/ikkodate/tokyo/sc_setagaya/nc_20010098/
2026-02-07,2026-02-07T21:47:36,sale,戸建て(新築),78779988,◇◆世田谷区奥沢2丁目 新築戸建◆◇,東京都世田谷区奥沢2,8億5000万円,850000000.0,326.44,98.74,2603847.567700037,8608466.680170145,5LDK+S(納戸),"{""物件名"": ""◇◆世田谷区奥沢2丁目 新築戸建◆◇"", ""販売価格"": ""8億5000万円"", ""所在地"": ""東京都世田谷区奥沢2"", ""沿線・駅"": ""東急目黒線「奥沢」徒歩10分"", ""土地面積"": ""326.44m 2 (98.74坪)"", ""間取り"": ""5LDK+S(納戸)"", ""建物面積"": ""413.38m 2 (125.04坪)""}",https://suumo.jp/ikkodate/tokyo/sc_setagaya/nc_78779988/
2026-02-07,2026-02-07T21:47:36,sale,戸建て(新築),79092166,目黒区自由が丘2丁目,東京都目黒区自由が丘2,未定,,171.12,51.76,,,-,"{""物件名"": ""目黒区自由が丘2丁目"", ""販売価格"": ""未定"", ""所在地"": ""東京都目黒区自由が丘2"", ""沿線・駅"": ""東急目黒線「奥沢」徒歩14分"", ""土地面積"": ""171.12m 2 (51.76坪)(実測)"", ""間取り"": ""-"", ""建物面積"": ""-""}",https://suumo.jp/tochi/tokyo/sc_meguro/nc_79092166/
2026-02-07,2026-02-07T21:47:36,sale,戸建て(新築),78962578,,東京都世田谷区奥沢2,未定,,320.0,96.78999999999999,,,-,"{""販売価格"": ""未定"", ""所在地"": ""東京都世田谷区奥沢2"", ""沿線・駅"": ""東急目黒線「奥沢」徒歩5分"", ""土地面積"": ""160m 2 ~480m 2 (48.39坪~145.19坪)"", ""間取り"": ""-"", ""建物面積"": ""-""}",https://suumo.jp/tochi/tokyo/sc_setagaya/nc_78962578/
2026-02-07,2026-02-07T21:47:36,sale,戸建て(新築),20019939,,東京都世田谷区奥沢2,2億1000万円,210000000.0,91.76,27.75,2288578.901482127,7567567.567567567,2LDK+S(納戸),"{""販売価格"": ""2億1000万円"", ""所在地"": ""東京都世田谷区奥沢2"", ""沿線・駅"": ""東急目黒線「奥沢」徒歩3分"", ""土地面積"": ""91.76m 2 (27.75坪)(実測)"", ""間取り"": ""2LDK+S(納戸)"", ""建物面積"": ""151.17m 2 (45.72坪)(登記)""}",https://suumo.jp/ikkodate/tokyo/sc_setagaya/nc_20019939/
2026-02-07,2026-02-07T21:47:36,sale,戸建て(新築),20018459,,東京都世田谷区奥沢3,1億8800万円,188000000.0,165.3,50.0,1137326.0738052025,3760000.0,-,"{""販売価格"": ""1億8800万円"", ""所在地"": ""東京都世田谷区奥沢3"", ""沿線・駅"": ""東急目黒線「奥沢」徒歩2分"", ""土地面積"": ""165.3m 2 (50.00坪)(登記)"", ""間取り"": ""-"", ""建物面積"": ""-""}",https://suumo.jp/tochi/tokyo/sc_setagaya/nc_20018459/
2026-02-07,2026-02-07T21:47:36,sale,戸建て(中古),20050926,世田谷区奥沢一丁目戸建,東京都世田谷区奥沢1,1億1980万円,119800000.0,74.77,22.61,1602246.89046409,5298540.468819107,3LDK,"{""物件名"": ""世田谷区奥沢一丁目戸建"", ""販売価格"": ""1億1980万円"", ""所在地"": ""東京都世田谷区奥沢1"", ""沿線・駅"": ""東急目黒線「奥沢」徒歩11分"", ""土地面積"": ""74.77m 2 (22.61坪)(登記)"", ""間取り"": ""3LDK"", ""建物面積"": ""76.47m 2 (23.13坪)(登記)"", ""築年月"": ""2006年9月""}",https://suumo.jp/chukoikkodate/tokyo/sc_setagaya/nc_20050926/
2026-02-07,2026-02-07T21:47:36,sale,戸建て(中古),79159960,3LDK変更可♪◇2019年築 ALCパネル使用の耐...,東京都世田谷区東玉川1,1億2900万円,129000000.0,94.91,28.71,1359182.3833105047,4493207.941483803,2LDK+S(納戸),"{""物件名"": ""3LDK変更可♪◇2019年築 ALCパネル使用の耐..."", ""販売価格"": ""1億2900万円"", ""所在地"": ""東京都世田谷区東玉川1"", ""沿線・駅"": ""東急目黒線「奥沢」徒歩15分"", ""土地面積"": ""94.91m 2 (28.71坪)"", ""間取り"": ""2LDK+S(納戸)"", ""建物面積"": ""92.74m 2 (28.05坪)"", ""築年月"": ""2019年12月""}",https://suumo.jp/chukoikkodate/tokyo/sc_setagaya/nc_79159960/
2026-02-07,2026-02-07T21:47:36,sale,戸建て(中古),78551100,「緑が丘」 中古戸建,東京都世田谷区奥沢2,1億3998万円,139980000.0,92.39,27.9479760480491,1515099.0366922827,5008591.669011799,3LDK+S(納戸),"{""物件名"": ""「緑が丘」 中古戸建"", ""販売価格"": ""1億3998万円"", ""所在地"": ""東京都世田谷区奥沢2"", ""沿線・駅"": ""東急目黒線「奥沢」徒歩10分"", ""土地面積"": ""92.39m 2 (登記)"", ""間取り"": ""3LDK+S(納戸)"", ""建物面積"": ""113.23m 2 (登記)"", ""築年月"": ""2011年10月""}",https://suumo.jp/chukoikkodate/tokyo/sc_setagaya/nc_78551100/
2026-02-07,2026-02-07T21:47:36,sale,戸建て(中古),78768350,世田谷区奥沢2丁目 一戸建て,東京都世田谷区奥沢2,1億3998万円,139980000.0,92.39,27.9479760480491,1515099.0366922827,5008591.669011799,3LDK,"{""物件名"": ""世田谷区奥沢2丁目 一戸建て"", ""販売価格"": ""1億3998万円"", ""所在地"": ""東京都世田谷区奥沢2"", ""沿線・駅"": ""東急目黒線「奥沢」徒歩10分"", ""土地面積"": ""92.39m 2 (登記)"", ""間取り"": ""3LDK"", ""建物面積"": ""113.23m 2 (登記)"", ""築年月"": ""2011年10月""}",https://suumo.jp/chukoikkodate/tokyo/sc_setagaya/nc_78768350/
2026-02-07,2026-02-07T21:47:36,sale,戸建て(中古),78744031,,東京都世田谷区奥沢2,1億4198万円,141980000.0,92.39,27.9479760480491,1536746.401125663,5080153.2016452,3LDK+S(納戸),"{""販売価格"": ""1億4198万円"", ""所在地"": ""東京都世田谷区奥沢2"", ""沿線・駅"": ""東急目黒線「奥沢」徒歩10分"", ""土地面積"": ""92.39m 2"", ""間取り"": ""3LDK+S(納戸)"", ""建物面積"": ""113.23m 2"", ""築年月"": ""2011年10月""}",https://suumo.jp/chukoikkodate/tokyo/sc_setagaya/nc_78744031/
2026-02-07,2026-02-07T21:47:36,sale,戸建て(中古),78891494,世田谷区奥沢1丁目戸建,東京都世田谷区奥沢1,1億8900万円,189000000.0,122.19,36.96247638609286,1546771.4215565922,5113293.7638104595,3LDK+S(納戸),"{""物件名"": ""世田谷区奥沢1丁目戸建"", ""販売価格"": ""1億8900万円"", ""所在地"": ""東京都世田谷区奥沢1"", ""沿線・駅"": ""東急目黒線「奥沢」徒歩10分"", ""土地面積"": ""122.19m 2 (登記)"", ""間取り"": ""3LDK+S(納戸)"", ""建物面積"": ""113.94m 2 (登記)"", ""築年月"": ""2024年6月""}",https://suumo.jp/chukoikkodate/tokyo/sc_setagaya/nc_78891494/
2026-02-07,2026-02-07T21:47:36,sale,戸建て(中古),78670511,,東京都目黒区緑が丘2,1億2300万円,123000000.0,52.93,16.01132560042471,2323823.91838277,7682062.252030985,2LDK+S(納戸),"{""販売価格"": ""1億2300万円"", ""所在地"": ""東京都目黒区緑が丘2"", ""沿線・駅"": ""東急目黒線「奥沢」徒歩10分"", ""土地面積"": ""52.93m 2 (実測)"", ""間取り"": ""2LDK+S(納戸)"", ""建物面積"": ""78.33m 2"", ""築年月"": ""2024年10月""}",https://suumo.jp/chukoikkodate/tokyo/sc_meguro/nc_78670511/
2026-02-07,2026-02-07T21:47:36,sale,戸建て(中古),78681497,,東京都目黒区緑が丘2,1億2300万円,123000000.0,57.32,17.339300650223773,2145847.8715980463,7093711.706210747,2LDK+S(納戸),"{""販売価格"": ""1億2300万円"", ""所在地"": ""東京都目黒区緑が丘2"", ""沿線・駅"": ""東急目黒線「奥沢」徒歩10分"", ""土地面積"": ""57.32m 2 (登記)"", ""間取り"": ""2LDK+S(納戸)"", ""建物面積"": ""78.33m 2 (登記)"", ""築年月"": ""2024年10月""}",https://suumo.jp/chukoikkodate/tokyo/sc_meguro/nc_78681497/
2026-02-07,2026-02-07T21:47:36,sale,戸建て(中古),79194966,,東京都世田谷区奥沢2,1億2580万円,125800000.0,113.72,34.4,1106225.8177981006,3656976.7441860465,2LDK+S(納戸),"{""販売価格"": ""1億2580万円"", ""所在地"": ""東京都世田谷区奥沢2"", ""沿線・駅"": ""東急目黒線「奥沢」徒歩9分"", ""土地面積"": ""113.72m 2 (34.40坪)(登記)"", ""間取り"": ""2LDK+S(納戸)"", ""建物面積"": ""104.04m 2 (31.47坪)"", ""築年月"": ""2004年11月""}",https://suumo.jp/chukoikkodate/tokyo/sc_setagaya/nc_79194966/
2026-02-07,2026-02-07T21:47:36,sale,戸建て(中古),77104789,,東京都目黒区緑が丘3,1億3500万円,135000000.0,124.81,37.75,1081644.0990305264,3576158.940397351,4LDK+S(納戸),"{""販売価格"": ""1億3500万円"", ""所在地"": ""東京都目黒区緑が丘3"", ""沿線・駅"": ""東急目黒線「奥沢」徒歩10分"", ""土地面積"": ""124.81m 2 (37.75坪)(登記)"", ""間取り"": ""4LDK+S(納戸)"", ""建物面積"": ""121.75m 2 (36.82坪)(登記)"", ""築年月"": ""2001年1月""}",https://suumo.jp/chukoikkodate/tokyo/sc_meguro/nc_77104789/
2026-02-07,2026-02-07T21:47:36,sale,戸建て(中古),20012908,,東京都世田谷区奥沢1,2億2000万円,220000000.0,150.0,45.37,1466666.6666666667,4849019.17566674,4LDK,"{""販売価格"": ""2億2000万円"", ""所在地"": ""東京都世田谷区奥沢1"", ""沿線・駅"": ""東急目黒線「奥沢」徒歩11分"", ""土地面積"": ""150m 2 (45.37坪)(登記)"", ""間取り"": ""4LDK"", ""建物面積"": ""185.91m 2 (56.23坪)"", ""築年月"": ""2006年3月""}",https://suumo.jp/chukoikkodate/tokyo/sc_setagaya/nc_20012908/
2026-02-07,2026-02-07T21:47:36,sale,戸建て(中古),77866015,,東京都世田谷区奥沢2,2億7800万円,278000000.0,99.19,30.0,2802701.885270693,9266666.666666666,3LDK,"{""販売価格"": ""2億7800万円"", ""所在地"": ""東京都世田谷区奥沢2"", ""沿線・駅"": ""東急目黒線「奥沢」徒歩5分"", ""土地面積"": ""99.19m 2 (30.00坪)(登記)"", ""間取り"": ""3LDK"", ""建物面積"": ""98m 2 (29.64坪)(登記)"", ""築年月"": ""2009年6月""}",https://suumo.jp/chukoikkodate/tokyo/sc_setagaya/nc_77866015/
2026-02-07,2026-02-07T21:47:36,sale,戸建て(中古),79056445,,東京都世田谷区奥沢5,3億5000万円,350000000.0,159.26,48.17615180660569,2197664.196910712,7265005.3371844785,5LLDDKK+S(納戸),"{""販売価格"": ""3億5000万円"", ""所在地"": ""東京都世田谷区奥沢5"", ""沿線・駅"": ""東急目黒線「奥沢」徒歩4分"", ""土地面積"": ""159.26m 2 (実測)"", ""間取り"": ""5LLDDKK+S(納戸)"", ""建物面積"": ""176.36m 2 (登記)"", ""築年月"": ""2022年7月""}",https://suumo.jp/chukoikkodate/tokyo/sc_setagaya/nc_79056445/
2026-02-07,2026-02-07T21:47:36,sale,戸建て(中古),20018451,,東京都大田区田園調布4,3億5800万円,358000000.0,181.52,54.9,1972234.4645218158,6520947.176684882,5LDK+S(納戸),"{""販売価格"": ""3億5800万円"", ""所在地"": ""東京都大田区田園調布4"", ""沿線・駅"": ""東急目黒線「奥沢」徒歩18分"", ""土地面積"": ""181.52m 2 (54.90坪)(登記)"", ""間取り"": ""5LDK+S(納戸)"", ""建物面積"": ""131.88m 2 (39.89坪)(登記)"", ""築年月"": ""2023年6月""}",https://suumo.jp/chukoikkodate/tokyo/sc_ota/nc_20018451/
2026-02-07,2026-02-07T21:47:36,sale,土地,79059173,◇◆世田谷区奥沢2丁目 条件無し売地◆◇,東京都世田谷区奥沢2,2億2500万円・2億7500万円,225000000.0,163.505,49.46,1376104.7062780955,4549130.61059442,,"{""物件名"": ""◇◆世田谷区奥沢2丁目 条件無し売地◆◇"", ""販売価格"": ""2億2500万円・2億7500万円"", ""所在地"": ""東京都世田谷区奥沢2"", ""沿線・駅"": ""東急目黒線「奥沢」徒歩10分"", ""土地面積"": ""161.72m 2 ・165.29m 2 (48.92坪・50.00坪)"", ""坪単価"": ""-"", ""建ぺい率・容積率"": ""建ぺい率50%、容積率100%""}",https://suumo.jp/tochi/tokyo/sc_setagaya/nc_79059173/
2026-02-07,2026-02-07T21:47:36,sale,土地,79013895,目黒区自由が丘1丁目 土地1区画,東京都目黒区自由が丘1,2億5800万円,258000000.0,148.28,44.854701682051314,1739951.443215538,5751905.381710278,,"{""物件名"": ""目黒区自由が丘1丁目 土地1区画"", ""販売価格"": ""2億5800万円"", ""所在地"": ""東京都目黒区自由が丘1"", ""沿線・駅"": ""東急目黒線「奥沢」徒歩16分"", ""土地面積"": ""148.28m 2 (実測)"", ""坪単価"": ""575.2万円/坪"", ""建ぺい率・容積率"": ""60%・150%""}",https://suumo.jp/tochi/tokyo/sc_meguro/nc_79013895/
2026-02-07,2026-02-07T21:47:36,sale,土地,20114607,目黒区中根2丁目 土地,東京都目黒区中根2,7億円,700000000.0,436.49,132.03,1603702.2612201883,5301825.342725138,,"{""物件名"": ""目黒区中根2丁目 土地"", ""販売価格"": ""7億円"", ""所在地"": ""東京都目黒区中根2"", ""沿線・駅"": ""東急目黒線「奥沢」徒歩18分"", ""土地面積"": ""436.49m 2 (132.03坪)(実測)"", ""坪単価"": ""530.2万円/坪"", ""建ぺい率・容積率"": ""50%・100%""}",https://suumo.jp/tochi/tokyo/sc_meguro/nc_20114607/
2026-02-07,2026-02-07T21:47:36,sale,土地,79020958,世田谷区奥沢1丁目 土地,東京都世田谷区奥沢1,未定,,117.72,35.605000000000004,,,,"{""物件名"": ""世田谷区奥沢1丁目 土地"", ""販売価格"": ""未定"", ""所在地"": ""東京都世田谷区奥沢1"", ""沿線・駅"": ""東急目黒線「奥沢」徒歩13分"", ""土地面積"": ""112.79m 2 ~122.65m 2 (34.11坪~37.10坪)(実測)"", ""坪単価"": ""-"", ""建ぺい率・容積率"": ""建ペい率:50%、容積率:100%""}",https://suumo.jp/tochi/tokyo/sc_setagaya/nc_79020958/
2026-02-07,2026-02-07T21:47:36,sale,土地,79092166,目黒区自由が丘2丁目,東京都目黒区自由が丘2,未定,,171.12,51.76,,,,"{""物件名"": ""目黒区自由が丘2丁目"", ""販売価格"": ""未定"", ""所在地"": ""東京都目黒区自由が丘2"", ""沿線・駅"": ""東急目黒線「奥沢」徒歩14分"", ""土地面積"": ""171.12m 2 (51.76坪)(実測)"", ""坪単価"": ""-"", ""建ぺい率・容積率"": ""建ペい率:60%、容積率:150%""}",https://suumo.jp/tochi/tokyo/sc_meguro/nc_79092166/
2026-02-07,2026-02-07T21:47:36,sale,土地,78962578,,東京都世田谷区奥沢2,未定,,320.0,96.78999999999999,,,,"{""販売価格"": ""未定"", ""所在地"": ""東京都世田谷区奥沢2"", ""沿線・駅"": ""東急目黒線「奥沢」徒歩5分"", ""土地面積"": ""160m 2 ~480m 2 (48.39坪~145.19坪)"", ""坪単価"": ""-"", ""建ぺい率・容積率"": ""建ペい率:50%、容積率:100%""}",https://suumo.jp/tochi/tokyo/sc_setagaya/nc_78962578/
2026-02-07,2026-02-07T21:47:36,sale,土地,20065931,予告広告 奥沢売地,東京都世田谷区奥沢1,1億1980万円~2億3960万円(予定),179700000.0,150.37,45.48692670575975,1195052.20456208,3950585.6520582563,,"{""物件名"": ""予告広告 奥沢売地"", ""販売価格"": ""1億1980万円~2億3960万円(予定)"", ""所在地"": ""東京都世田谷区奥沢1"", ""沿線・駅"": ""東急目黒線「奥沢」徒歩5分"", ""土地面積"": ""100.18m 2 ~200.56m 2 (実測)"", ""坪単価"": ""-"", ""建ぺい率・容積率"": ""建ペい率:50%、容積率:100%""}",https://suumo.jp/tochi/tokyo/sc_setagaya/nc_20065931/
2026-02-07,2026-02-07T21:47:36,sale,土地,78824672,世田谷区奥沢1丁目 土地 全2区画【世田谷区奥沢 第...,東京都世田谷区奥沢1,1億2980万円,129800000.0,100.14,30.29,1296185.3405232674,4285242.654341367,,"{""物件名"": ""世田谷区奥沢1丁目 土地 全2区画【世田谷区奥沢 第..."", ""販売価格"": ""1億2980万円"", ""所在地"": ""東京都世田谷区奥沢1"", ""沿線・駅"": ""東急目黒線「奥沢」徒歩12分"", ""土地面積"": ""100.11m 2 ・100.17m 2 (30.28坪・30.30坪)(実測)"", ""坪単価"": ""-"", ""建ぺい率・容積率"": ""50%/100%""}",https://suumo.jp/tochi/tokyo/sc_setagaya/nc_78824672/
2026-02-07,2026-02-07T21:47:36,sale,土地,20029173,目黒線「奥沢」2分の駅近物件 3路線2駅利用可能 南...,東京都世田谷区奥沢5,1億8800万円,188000000.0,99.16,29.99,1895925.7765227915,6268756.252084028,,"{""物件名"": ""目黒線「奥沢」2分の駅近物件 3路線2駅利用可能 南..."", ""販売価格"": ""1億8800万円"", ""所在地"": ""東京都世田谷区奥沢5"", ""沿線・駅"": ""東急目黒線「奥沢」徒歩2分"", ""土地面積"": ""99.16m 2 (29.99坪)"", ""坪単価"": ""626.8万円/坪"", ""建ぺい率・容積率"": ""60%・150%""}",https://suumo.jp/tochi/tokyo/sc_setagaya/nc_20029173/
2026-02-07,2026-02-07T21:47:36,sale,土地,20081577,世田谷区奥沢1丁目 土地,東京都世田谷区奥沢1,2億5960万円,259600000.0,200.28,60.58,1296185.3405232674,4285242.654341367,,"{""物件名"": ""世田谷区奥沢1丁目 土地"", ""販売価格"": ""2億5960万円"", ""所在地"": ""東京都世田谷区奥沢1"", ""沿線・駅"": ""東急目黒線「奥沢」徒歩12分"", ""土地面積"": ""200.28m 2 (60.58坪)(実測)"", ""坪単価"": ""428.5万円/坪"", ""建ぺい率・容積率"": ""50%・100%""}",https://suumo.jp/tochi/tokyo/sc_setagaya/nc_20081577/
2026-02-07,2026-02-07T21:47:36,sale,土地,20107736,大田区田園調布3丁目/土地/田園調布駅徒歩1分♪,東京都大田区田園調布3,5億4800万円,548000000.0,269.54,81.53,2033093.4184165613,6721452.226174414,,"{""物件名"": ""大田区田園調布3丁目/土地/田園調布駅徒歩1分♪"", ""販売価格"": ""5億4800万円"", ""所在地"": ""東京都大田区田園調布3"", ""沿線・駅"": ""東急目黒線「奥沢」徒歩17分"", ""土地面積"": ""269.54m 2 (81.53坪)(実測)"", ""坪単価"": ""672.2万円/坪"", ""建ぺい率・容積率"": ""建ペい率:40%、容積率:80%""}",https://suumo.jp/tochi/tokyo/sc_ota/nc_20107736/
2026-02-07,2026-02-07T21:47:36,sale,土地,78321986,,東京都目黒区緑が丘1,9980万円,99800000.0,62.72,18.972800711480026,1591198.9795918367,5260161.71875,,"{""販売価格"": ""9980万円"", ""所在地"": ""東京都目黒区緑が丘1"", ""沿線・駅"": ""東急目黒線「奥沢」徒歩11分"", ""土地面積"": ""62.72m 2"", ""坪単価"": ""526.1万円/坪"", ""建ぺい率・容積率"": ""60%・200%""}",https://suumo.jp/tochi/tokyo/sc_meguro/nc_78321986/
2026-02-07,2026-02-07T21:47:36,sale,土地,20163211,,東京都世田谷区奥沢6,2億5600万円,256000000.0,145.51,44.01,1759329.2557212564,5816859.804589867,,"{""販売価格"": ""2億5600万円"", ""所在地"": ""東京都世田谷区奥沢6"", ""沿線・駅"": ""東急目黒線「奥沢」徒歩11分"", ""土地面積"": ""145.51m 2 (44.01坪)(実測)"", ""坪単価"": ""581.6万円/坪"", ""建ぺい率・容積率"": ""60%・200%""}",https://suumo.jp/tochi/tokyo/sc_setagaya/nc_20163211/
2026-02-07,2026-02-07T21:47:36,sale,土地,20040795,,東京都世田谷区東玉川1,5990万円,59900000.0,72.38,21.894950821060654,827576.6786405084,2735790.5705996132,,"{""販売価格"": ""5990万円"", ""所在地"": ""東京都世田谷区東玉川1"", ""沿線・駅"": ""東急目黒線「奥沢」徒歩16分"", ""土地面積"": ""72.38m 2"", ""坪単価"": ""273.6万円/坪"", ""建ぺい率・容積率"": ""建ペい率:50%(※準防火地域内の準耐...""}",https://suumo.jp/tochi/tokyo/sc_setagaya/nc_20040795/
2026-02-07,2026-02-07T21:47:36,sale,土地,20142425,,東京都大田区田園調布2,9180万円,91800000.0,79.82,24.14,1150087.6973189677,3802816.9014084507,,"{""販売価格"": ""9180万円"", ""所在地"": ""東京都大田区田園調布2"", ""沿線・駅"": ""東急目黒線「奥沢」徒歩17分"", ""土地面積"": ""79.82m 2 (24.14坪)(登記)"", ""坪単価"": ""380.2万円/坪"", ""建ぺい率・容積率"": ""50%・100%""}",https://suumo.jp/tochi/tokyo/sc_ota/nc_20142425/
2026-02-07,2026-02-07T21:47:36,sale,土地,79105323,,東京都世田谷区奥沢6,9480万円,94800000.0,69.29,20.96,1368162.794053976,4522900.763358778,,"{""販売価格"": ""9480万円"", ""所在地"": ""東京都世田谷区奥沢6"", ""沿線・駅"": ""東急目黒線「奥沢」徒歩11分"", ""土地面積"": ""69.29m 2 (20.96坪)(登記)"", ""坪単価"": ""452.3万円/坪"", ""建ぺい率・容積率"": ""50%・100%""}",https://suumo.jp/tochi/tokyo/sc_setagaya/nc_79105323/
2026-02-07,2026-02-07T21:47:36,sale,土地,20109897,,東京都世田谷区奥沢1,1億1980万円,119800000.0,86.34,26.11,1387537.6418809358,4588280.35235542,,"{""販売価格"": ""1億1980万円"", ""所在地"": ""東京都世田谷区奥沢1"", ""沿線・駅"": ""東急目黒線「奥沢」徒歩9分"", ""土地面積"": ""86.34m 2 (26.11坪)(登記)"", ""坪単価"": ""458.7万円/坪"", ""建ぺい率・容積率"": ""50%・100%""}",https://suumo.jp/tochi/tokyo/sc_setagaya/nc_20109897/
2026-02-07,2026-02-07T21:47:36,sale,土地,20026491,,東京都世田谷区奥沢1,1億2800万円,128000000.0,106.9,32.33,1197380.729653882,3959171.0485617076,,"{""販売価格"": ""1億2800万円"", ""所在地"": ""東京都世田谷区奥沢1"", ""沿線・駅"": ""東急目黒線「奥沢」徒歩7分"", ""土地面積"": ""106.9m 2 (32.33坪)(実測)"", ""坪単価"": ""395.9万円/坪"", ""建ぺい率・容積率"": ""60%・100%""}",https://suumo.jp/tochi/tokyo/sc_setagaya/nc_20026491/
2026-02-07,2026-02-07T21:47:36,sale,土地,20018458,,東京都世田谷区奥沢2,1億3998万円,139980000.0,92.39,27.94,1515099.0366922827,5010021.4745884035,,"{""販売価格"": ""1億3998万円"", ""所在地"": ""東京都世田谷区奥沢2"", ""沿線・駅"": ""東急目黒線「奥沢」徒歩9分"", ""土地面積"": ""92.39m 2 (27.94坪)(登記)"", ""坪単価"": ""500.9万円/坪"", ""建ぺい率・容積率"": ""60%・200%""}",https://suumo.jp/tochi/tokyo/sc_setagaya/nc_20018458/
2026-02-07,2026-02-07T21:47:36,sale,土地,78785675,,東京都世田谷区奥沢1,1億4800万円,148000000.0,103.94,31.44,1423898.4029247642,4707379.134860051,,"{""販売価格"": ""1億4800万円"", ""所在地"": ""東京都世田谷区奥沢1"", ""沿線・駅"": ""東急目黒線「奥沢」徒歩8分"", ""土地面積"": ""103.94m 2 (31.44坪)(登記)"", ""坪単価"": ""470.8万円/坪"", ""建ぺい率・容積率"": ""50%・100%""}",https://suumo.jp/tochi/tokyo/sc_setagaya/nc_78785675/
2026-02-07,2026-02-07T21:47:36,sale,土地,78564177,,東京都世田谷区東玉川1,1億5400万円,154000000.0,165.25,49.98,931921.3313161876,3081232.4929971993,,"{""販売価格"": ""1億5400万円"", ""所在地"": ""東京都世田谷区東玉川1"", ""沿線・駅"": ""東急目黒線「奥沢」徒歩16分"", ""土地面積"": ""165.25m 2 (49.98坪)(登記)"", ""坪単価"": ""308.1万円/坪"", ""建ぺい率・容積率"": ""50%・100%""}",https://suumo.jp/tochi/tokyo/sc_setagaya/nc_78564177/
2026-02-07,2026-02-07T21:47:36,sale,土地,79137908,,東京都世田谷区奥沢5,1億5800万円,158000000.0,33.05,9.99,4780635.400907716,15815815.815815816,,"{""販売価格"": ""1億5800万円"", ""所在地"": ""東京都世田谷区奥沢5"", ""沿線・駅"": ""東急目黒線「奥沢」徒歩2分"", ""土地面積"": ""33.05m 2 (9.99坪)(登記)"", ""坪単価"": ""1580.4万円/坪"", ""建ぺい率・容積率"": ""80%・300%""}",https://suumo.jp/tochi/tokyo/sc_setagaya/nc_79137908/
2026-02-07,2026-02-07T21:47:36,sale,土地,20126145,,東京都世田谷区奥沢1,1億6480万円,164800000.0,115.59,34.96597631122411,1425728.8692793495,4713153.110130634,,"{""販売価格"": ""1億6480万円"", ""所在地"": ""東京都世田谷区奥沢1"", ""沿線・駅"": ""東急目黒線「奥沢」徒歩7分"", ""土地面積"": ""115.59m 2"", ""坪単価"": ""471.4万円/坪"", ""建ぺい率・容積率"": ""50%・100%""}",https://suumo.jp/tochi/tokyo/sc_setagaya/nc_20126145/
2026-02-07,2026-02-07T21:47:36,sale,土地,20018459,,東京都世田谷区奥沢3,1億8800万円,188000000.0,165.3,50.0,1137326.0738052025,3760000.0,,"{""販売価格"": ""1億8800万円"", ""所在地"": ""東京都世田谷区奥沢3"", ""沿線・駅"": ""東急目黒線「奥沢」徒歩2分"", ""土地面積"": ""165.3m 2 (50.00坪)(登記)"", ""坪単価"": ""376.0万円/坪"", ""建ぺい率・容積率"": ""50%・100%""}",https://suumo.jp/tochi/tokyo/sc_setagaya/nc_20018459/
2026-02-07,2026-02-07T21:47:36,sale,土地,79168144,,東京都目黒区緑が丘1,2億1650万円~2億1950万円,218000000.0,128.76999999999998,38.945,1692940.9023840958,5597637.694184106,,"{""販売価格"": ""2億1650万円~2億1950万円"", ""所在地"": ""東京都目黒区緑が丘1"", ""沿線・駅"": ""東急目黒線「奥沢」徒歩14分"", ""土地面積"": ""128.76m 2 ~128.78m 2 (38.94坪~38.95坪)(実測)"", ""坪単価"": ""-"", ""建ぺい率・容積率"": ""建ペい率:60%、容積率:150%""}",https://suumo.jp/tochi/tokyo/sc_meguro/nc_79168144/
2026-02-07,2026-02-07T21:47:36,sale,土地,77453624,,東京都世田谷区奥沢2,2億2500万円,225000000.0,165.29,50.0,1361243.8744025652,4500000.0,,"{""販売価格"": ""2億2500万円"", ""所在地"": ""東京都世田谷区奥沢2"", ""沿線・駅"": ""東急目黒線「奥沢」徒歩9分"", ""土地面積"": ""165.29m 2 (50.00坪)"", ""坪単価"": ""450.0万円/坪"", ""建ぺい率・容積率"": ""50%・100%""}",https://suumo.jp/tochi/tokyo/sc_setagaya/nc_77453624/
2026-02-07,2026-02-07T21:47:36,sale,土地,78803299,,東京都世田谷区奥沢2,2億5980万円,259800000.0,196.26,59.36865222632445,1323754.2036074596,4376046.789972486,,"{""販売価格"": ""2億5980万円"", ""所在地"": ""東京都世田谷区奥沢2"", ""沿線・駅"": ""東急目黒線「奥沢」徒歩9分"", ""土地面積"": ""196.26m 2 (実測)"", ""坪単価"": ""437.7万円/坪"", ""建ぺい率・容積率"": ""50%・100%""}",https://suumo.jp/tochi/tokyo/sc_setagaya/nc_78803299/
2026-02-07,2026-02-07T21:47:36,sale,土地,20018452,,東京都大田区田園調布4,3億5800万円,358000000.0,181.52,54.9,1972234.4645218158,6520947.176684882,,"{""販売価格"": ""3億5800万円"", ""所在地"": ""東京都大田区田園調布4"", ""沿線・駅"": ""東急目黒線「奥沢」徒歩18分"", ""土地面積"": ""181.52m 2 (54.90坪)(登記)"", ""坪単価"": ""652.0万円/坪"", ""建ぺい率・容積率"": ""40%・80%""}",https://suumo.jp/tochi/tokyo/sc_ota/nc_20018452/
2026-02-07,2026-02-07T21:47:36,sale,土地,20163186,,東京都世田谷区奥沢2,4億9800万円,498000000.0,326.44,98.74810370305389,1525548.339664257,5043134.818037005,,"{""販売価格"": ""4億9800万円"", ""所在地"": ""東京都世田谷区奥沢2"", ""沿線・駅"": ""東急目黒線「奥沢」徒歩10分"", ""土地面積"": ""326.44m 2 (登記)"", ""坪単価"": ""504.4万円/坪"", ""建ぺい率・容積率"": ""50%・100%""}",https://suumo.jp/tochi/tokyo/sc_setagaya/nc_20163186/
